Reddit File, Total Word Count, Unique Words, Processing Time (ms), Depth, File Size (byte)
reddit_comments_2008.txt,19277249,191901,1.048181451E10,312
reddit_comments_2009.txt,66243164,368559,2.5165222607333332E10,500
reddit_comments_2010.txt,120774038,428006,2.7980626499666668E10,239
reddit_comments_2011.txt,170932377,424995,2.6376588389E10,303
reddit_comments_2012.txt,217389056,431132,2.5980086044333332E10,435
reddit_comments_2013.txt,262678795,454010,2.5456814753333332E10,288
reddit_comments_2014.txt,311058464,491737,2.7096099841333332E10,175
reddit_comments_2015.txt,358878571,551608,2.830429761E10,156
