Reddit File, Total Word Count, Unique Words, Processing Time (ms), Collisions, Maximum Bucket Size, File Size (byte)
reddit_comments_2008.txt,19277249,192496,1.3735526583333334E10,1179466,478
reddit_comments_2009.txt,66243164,369144,2.9048156845333332E10,3246623,1092
reddit_comments_2010.txt,120774038,428567,3.3528814008E10,5367598,931
reddit_comments_2011.txt,170932377,425573,4.6281328910666664E10,7474468,942
reddit_comments_2012.txt,217389056,431703,3.6741729081333336E10,9611623,996
reddit_comments_2013.txt,262678795,454598,4.7932780328666664E10,11863823,1120
reddit_comments_2014.txt,311058464,492276,5.3450452551E10,14790536,1205
reddit_comments_2015.txt,358878571,552204,8.196883650266667E10,17518936,1320
Reddit File, Total Word Count, Unique Words, Processing Time (ms), Collisions, Maximum Bucket Size, File Size (byte)
reddit_comments_2008.txt,19277249,191901,2.818631983E9,37119,4
reddit_comments_2009.txt,66243164,368559,7.604297136E9,77888,3
reddit_comments_2010.txt,120774038,428006,8.894239803E9,109623,4
reddit_comments_2011.txt,170932377,424995,8.012584654333333E9,141403,4
reddit_comments_2012.txt,217389056,431132,7.511228599666667E9,175273,4
reddit_comments_2013.txt,262678795,454010,7.477350409333333E9,212148,4
reddit_comments_2014.txt,311058464,491737,7.73640647E9,253528,4
reddit_comments_2015.txt,358878571,551608,7.706522925666667E9,302658,4
