Reddit File, Total Word Count, Unique Words, Processing Time (ms), Collisions, Maximum Bucket Size, File Size (byte)
reddit_comments_2008.txt,19277249,191901,2.7305701316666665E9,222637,5, 90M
reddit_comments_2009.txt,66243164,368559,6.269612399333333E9,593317,7, 217M
reddit_comments_2010.txt,120774038,428006,7.023347718E9,1015032,7, 249M
reddit_comments_2011.txt,170932377,424995,6.220813396E9,1432257,7, 229M
reddit_comments_2012.txt,217389056,431132,5.809067554333333E9,1861122,8, 211M
reddit_comments_2013.txt,262678795,454010,5.873561742666667E9,2332132,8, 206M
reddit_comments_2014.txt,311058464,491737,6.484033942666667E9,2741915,5, 219M
reddit_comments_2015.txt,358878571,551608,6.187389196E9,3113530,6, 218M
